Configuration,UE,UX,BSAT,Cases_gt_0_5,Consistency
UE * ~UX * BSAT,1,0,1,34,0.7389394322572473
~UE * ~UX * ~BSAT,0,0,0,42,0.7002350833776256
UE * ~UX * ~BSAT,1,0,0,34,0.6828128564878351
~UE * UX * ~BSAT,0,1,0,34,0.6800579840442467
~UE * ~UX * BSAT,0,0,1,32,0.6764835293370002
UE * UX * BSAT,1,1,1,42,0.676012651637266
~UE * UX * BSAT,0,1,1,38,0.6486810040493486
UE * UX * ~BSAT,1,1,0,33,0.6471265052772006
