Construct,Q2
BSAT,-0.0007366526484271496
BSUC,-0.01067887687734892
