Predictor,Outcome,f2
UE,BSAT,0.002054795774764746
UX,BSAT,0.010657306466153031
UE,BSUC,0.003803220515883861
UX,BSUC,0.0035986009426625413
BSAT,BSUC,0.0007967762584741573
