,UE,UX,BSAT,BSUC
UE,1.0,-0.004363840544576203,-0.04549162625980705,0.06047043077758647
UX,-0.004363840544576203,1.0,0.10277972002699708,-0.05743462560777305
BSAT,-0.04549162625980705,0.10277972002699708,1.0,0.019324861751735024
BSUC,0.06047043077758647,-0.05743462560777305,0.019324861751735024,1.0
