Construct,Items,Cronbach_alpha,Composite_Reliability,AVE
UE,5,0.9339454890019262,0.9415817295344495,0.7636185977390427
UX,5,0.9249752661309879,0.9424870483316647,0.7662878950769784
BSAT,4,0.9125322453055997,0.9362842571825652,0.7861268711629097
BSUC,4,0.9021645139856004,0.9293581198326619,0.7670182170085456
