,UE,UX,BSAT,BSUC
UE,,,,
UX,0.04084787128136846,,,
BSAT,0.0498332819801589,0.09362637939104672,,
BSUC,0.042265800925356485,0.0730406678442356,0.031980758003150846,
