,UE,UX,BSAT,BSUC
UE,0.8738527322947744,-0.004363840544576203,-0.04549162625980705,0.06047043077758647
UX,-0.004363840544576203,0.8753787152295733,0.10277972002699708,-0.05743462560777305
BSAT,-0.04549162625980705,0.10277972002699708,0.8866379594642391,0.019324861751735024
BSUC,0.06047043077758647,-0.05743462560777305,0.019324861751735024,0.8757957621549362
