Construct,R2
BSAT,0.012592591419949506
BSUC,0.007715857462326503
