Indirect,Effect,SE,t,p,CI_2_5,CI_97_5,Direct,Significant
UE->BSAT->BSUC,-0.0012746022629735582,0.006110531664996754,-0.20859105767750494,0.8349040392598672,-0.012365603583668942,0.012742897012498516,0.061495544286350186,No
UX->BSAT->BSUC,0.0029027797219532627,0.008439236917941836,0.34396234519520913,0.7311070437682106,-0.013388097710418283,0.020204607077237178,-0.0600746107412921,No
