Indirect_path,Indirect_effect,SE,t,p,CI_2.5%,CI_97.5%,Direct_effect,Total_effect,Mediation
UE -> BSAT -> BSUC,0.07462758168122152,0.0274391275792373,2.719750526532443,0.006533118485076539,0.023633121434463566,0.131792314831753,0.08784522532718116,0.16247280700840266,Full
UX -> BSAT -> BSUC,0.1868356994650765,0.030381569545173324,6.1496394775548655,7.765925680303098e-10,0.1313716648665125,0.25067427836614337,0.09529561198899668,0.28213131145407316,Full
