Construct,Importance_total_effect,Performance_0_100
UX,0.28213131145407316,50.0
UE,0.16247280700840266,50.0
BSAT,0.4756415114019445,50.0
