Indicator,Q2_predict,RMSE_PLS,MAE_PLS,RMSE_LM,PLS<LM (RMSE)
BSUC1,0.05174099119337927,1.9506904423834284,1.6693168945305428,1.946375915342019,No
BSUC2,0.05694407051610528,1.9453313801432361,1.6679493869670814,1.9806803199136958,Yes
BSUC3,0.03554456874077816,1.9672789680820968,1.6737884098947622,2.0054708561604473,Yes
BSUC4,0.06680577423632739,1.9351333110641555,1.6435180713072357,1.952915537517455,Yes
