Condition,Outcome,Consistency,Coverage
UE,BSUC,0.6979768469128507,0.6846363488419679
~UE,BSUC,0.558783470707528,0.5676525672411045
UX,BSUC,0.717542186217325,0.713574247424635
~UX,BSUC,0.556839996977535,0.5577878416428672
BSAT,BSUC,0.7506087145267764,0.7761983010571001
~BSAT,BSUC,0.5109163141536653,0.49276805727764694
