Condition,Outcome,Consistency,Coverage
UE,~BSUC,0.5760446785911487,0.567216484329544
~UE,~BSUC,0.6797280084597893,0.6931830893295897
UX,~BSUC,0.5602373714979396,0.5592906288722693
~UX,~BSUC,0.7130893984837551,0.7170613907762136
BSAT,~BSUC,0.47611003502324983,0.49424258114561626
~BSAT,~BSUC,0.7844090355894016,0.7594673416365917
