Configuration,raw_coverage,unique_coverage,consistency
UE * UX * BSAT,0.49676012958697996,0.49676012958697996,0.8569571634189697
