Configuration,raw_coverage,unique_coverage,consistency
~UE * ~UX * ~BSAT,0.492314540589704,0.492314540589704,0.8608966249128042
