Scenario,n_configs,Sol_coverage,Sol_consistency,Configurations
Percentile 90/50/10,1,0.4762211410455613,0.8332578262554496,UE * UX * BSAT
Percentile 95/50/5 (main),1,0.49676012958697996,0.8569571634189697,UE * UX * BSAT
Substantive 6/4/2 (Likert),1,0.5329053934030304,0.805045622892067,UE * BSAT
Higher cons cutoff 0.85,1,0.49676012958697996,0.8569571634189697,UE * UX * BSAT
Higher freq cutoff 6,1,0.49676012958697996,0.8569571634189697,UE * UX * BSAT
