Construct,n_items,Cronbach_alpha,rho_A,rho_c_CR,AVE
UE,5,0.8890016608230297,0.891762048454743,0.9183838173889732,0.6924250310756911
UX,5,0.8923674588665442,0.8953598700774342,0.9205768449325125,0.6986437743519907
BSAT,4,0.8849494135553762,0.8867901627052097,0.9205668877030232,0.7434637699729534
BSUC,4,0.887285682476063,0.8881049427387437,0.9220856497910336,0.7474383227316428
