,UE,UX,BSAT,BSUC
UE,0.8321208031744496,0.36476087908669225,0.30017971989459996,0.26538327219227187
UX,0.36476087908669225,0.835849133726889,0.4500383516407216,0.34139503536614046
BSAT,0.30017971989459996,0.4500383516407216,0.8622434516845885,0.544897546672858
BSUC,0.26538327219227187,0.34139503536614046,0.544897546672858,0.8645451536684725
