,UE,UX,BSAT,BSUC
UE,1.0,0.40717466787194945,0.334276697424032,0.29846257501861206
UX,0.40717466787194945,1.0,0.5027743506598173,0.3808332038924552
BSAT,0.334276697424032,0.5027743506598173,1.0,0.6149397489916039
BSUC,0.29846257501861206,0.3808332038924552,0.6149397489916039,1.0
