to,from,VIF
BSAT,UE,1.1534697219908843
BSAT,UX,1.1534697219908843
BSUC,UE,1.1851879090024253
BSUC,UX,1.3522756559046758
BSUC,BSAT,1.2884545971325465
