from,to,f2
UE,BSAT,0.027498066405068362
UX,BSAT,0.17235470521987623
UE,BSUC,0.009505445664468875
UX,BSUC,0.00980401463061327
BSAT,BSUC,0.25633845070051314
